true,pred
0,0
0,0
0,0
0,0
0,0
0,0
0,0
0,0
0,0
0,0
0,0
0,0
0,0
0,0
0,3
0,0
0,0
0,0
0,3
0,0
0,0
0,21
0,0
0,5
0,6
0,0
0,0
0,0
0,0
0,0
0,4
0,0
0,3
0,11
0,2
0,0
0,3
0,0
0,0
0,0
0,0
0,0
0,0
0,0
0,0
0,0
0,14
0,0
0,0
0,0
0,0
0,0
0,0
0,0
0,20
0,0
0,3
0,6
0,0
0,0
0,0
0,3
0,2
0,0
0,0
0,0
0,0
0,0
0,0
0,0
0,5
0,5
0,3
0,0
0,3
0,20
0,0
0,0
0,0
0,0
0,0
0,0
0,0
0,0
0,0
0,2
0,0
0,0
0,3
0,3
0,0
0,0
0,0
0,0
0,0
0,0
0,0
0,0
0,0
0,0
0,0
0,0
0,0
0,0
0,0
0,0
0,0
0,0
0,0
0,0
0,0
0,0
0,0
0,2
0,2
0,0
0,0
0,0
0,2
0,0
0,0
0,0
0,0
0,0
0,0
0,0
0,0
0,0
0,0
0,0
0,0
0,0
0,0
0,0
0,0
0,0
0,0
0,0
0,0
0,0
0,0
0,0
0,0
0,0
0,0
0,0
0,0
0,0
0,0
0,0
0,0
0,0
0,0
0,0
0,0
0,0
0,0
0,0
0,0
0,0
0,0
0,0
0,0
0,0
0,0
0,0
0,0
0,0
0,0
0,0
0,0
0,0
0,0
0,0
0,0
0,0
0,0
0,0
0,0
0,0
0,11
0,0
0,0
0,4
0,0
0,0
0,0
0,0
0,0
0,0
0,0
0,0
0,0
0,0
0,0
0,0
0,0
0,0
0,4
0,0
0,0
0,3
0,0
0,0
0,0
0,0
0,0
0,0
0,0
0,0
0,4
0,3
0,2
0,0
0,0
0,0
0,0
0,0
0,0
0,5
0,0
0,3
0,0
0,0
0,3
0,0
0,0
0,0
0,0
0,0
0,0
0,0
0,0
0,0
0,0
0,0
0,0
0,0
0,0
0,0
0,0
0,0
0,0
0,0
0,3
0,0
0,0
0,0
0,3
0,0
0,0
0,0
0,0
0,0
0,0
0,0
0,20
0,0
0,0
0,0
1,1
1,1
1,1
1,1
1,1
1,1
1,1
1,1
1,1
1,1
1,1
1,1
1,1
1,1
1,1
1,1
1,1
1,1
1,1
1,1
1,1
1,1
1,1
1,1
1,1
1,1
1,1
1,1
1,1
1,1
1,1
1,1
1,1
1,1
1,1
1,1
1,1
1,1
1,1
1,1
1,1
1,1
1,1
1,1
1,1
1,1
1,1
1,1
1,5
1,1
1,1
1,1
1,1
1,1
1,1
1,1
1,1
1,1
1,1
2,2
2,2
2,2
2,2
2,2
2,2
2,2
2,2
2,2
2,2
2,2
2,0
2,2
2,2
2,2
2,2
2,2
2,2
2,2
2,3
2,2
2,2
2,2
2,2
2,2
2,2
2,2
2,2
2,2
2,2
2,2
2,2
2,2
2,2
2,2
2,0
2,2
2,0
2,2
2,2
2,2
2,2
2,2
2,2
2,0
2,0
2,2
2,2
2,2
2,2
2,2
2,2
2,2
2,2
2,2
2,2
2,2
2,2
2,2
2,2
2,2
2,2
2,2
2,2
2,2
2,2
2,2
2,2
2,2
2,2
2,2
2,2
2,2
2,2
2,2
2,2
2,2
2,2
2,2
2,2
2,2
2,2
2,2
2,2
2,2
2,2
2,2
2,2
2,2
2,2
2,0
2,2
2,2
2,2
2,2
2,2
2,11
2,2
2,2
2,2
2,2
2,2
2,2
2,2
2,2
2,2
2,2
2,2
2,2
2,2
2,2
2,2
2,2
2,2
2,2
2,2
2,2
2,2
2,2
2,2
2,2
2,2
2,2
2,2
2,2
2,2
2,2
2,2
2,2
2,2
2,2
2,2
2,2
2,2
2,2
2,2
2,2
2,2
2,2
2,2
2,5
2,2
2,9
2,2
2,2
2,2
2,2
2,2
2,2
2,7
2,2
2,2
2,2
2,2
2,2
2,2
2,2
2,2
2,2
2,2
2,2
2,5
2,2
2,2
2,2
2,0
2,2
2,2
2,2
2,2
2,2
2,2
2,2
2,2
2,2
2,2
2,2
2,2
2,2
2,2
2,2
2,2
2,2
2,2
2,2
2,2
2,2
2,2
2,2
2,2
2,2
2,2
2,0
2,0
2,2
2,0
2,5
2,2
2,3
2,15
2,2
2,2
2,2
2,2
2,2
2,2
3,3
3,3
3,3
3,3
3,3
3,3
3,3
3,3
3,3
3,3
3,3
3,3
3,3
3,3
3,3
3,0
3,3
3,3
3,3
3,0
3,3
3,3
3,3
3,3
3,3
3,3
3,3
3,3
3,3
3,3
3,3
3,3
3,3
3,3
3,3
3,3
3,3
3,3
3,3
3,3
3,3
3,3
3,3
3,3
3,3
3,3
3,3
3,3
3,3
3,3
3,3
3,3
3,3
3,3
3,3
3,3
3,3
3,0
3,3
3,15
3,3
3,3
3,0
3,20
3,3
3,3
3,3
3,3
3,3
3,3
3,3
3,3
3,3
3,3
3,3
3,3
3,3
3,3
3,3
3,3
3,3
3,3
3,3
3,3
3,3
3,3
3,3
3,3
3,3
3,3
3,3
3,3
3,3
3,3
3,3
3,3
3,3
3,3
3,3
3,3
3,3
3,3
3,3
3,3
3,3
3,3
3,3
3,3
3,3
3,3
3,3
3,4
3,3
3,3
3,3
3,3
3,3
3,3
3,3
3,3
3,3
3,3
3,0
3,3
3,3
3,3
3,3
3,3
3,3
3,3
3,3
3,3
3,3
3,0
3,3
3,3
3,3
3,4
3,3
3,20
3,3
3,3
3,3
3,3
3,3
3,3
3,3
3,3
3,4
3,3
3,3
3,3
3,3
3,3
3,3
3,3
3,3
3,3
3,3
3,3
3,3
3,3
3,3
3,3
3,3
3,3
3,3
3,3
3,3
3,3
3,3
3,3
3,3
3,3
3,3
3,2
3,3
3,3
3,3
3,6
3,3
3,3
3,3
3,3
3,3
3,3
3,3
3,3
3,3
3,3
3,3
3,3
3,3
3,3
3,3
3,2
3,3
3,3
3,3
3,3
3,3
3,3
3,3
3,3
3,3
3,3
3,3
4,4
4,4
4,4
4,4
4,4
4,4
4,4
4,4
4,4
4,4
4,4
4,4
4,4
4,4
4,4
4,4
4,4
4,4
4,4
4,4
4,4
4,4
4,4
4,4
4,4
4,4
4,4
4,4
4,4
4,4
4,4
4,4
4,4
4,4
4,4
4,4
4,4
4,4
4,4
4,4
4,4
4,4
4,4
4,4
4,4
4,4
4,4
4,4
4,4
4,4
4,4
4,4
4,4
4,4
4,4
4,4
4,4
4,4
4,4
4,4
4,4
4,4
4,4
4,4
4,4
4,4
4,15
4,4
4,4
4,4
4,4
4,4
4,4
4,4
4,4
4,4
4,4
4,4
4,4
4,4
4,4
4,4
4,4
4,4
4,4
4,4
4,4
4,4
4,4
4,4
4,4
4,4
4,4
4,4
4,4
4,4
4,4
4,4
4,4
4,4
4,4
4,4
4,4
4,4
4,4
4,4
4,4
4,4
4,4
4,4
4,4
4,4
4,4
4,4
4,4
4,4
4,4
4,4
4,4
4,4
4,4
4,4
4,4
4,4
4,4
4,4
4,0
4,4
4,4
4,4
4,4
4,4
4,4
4,4
4,4
4,4
4,4
4,4
4,4
4,4
4,4
4,4
4,4
4,4
4,4
4,4
4,4
4,4
4,4
4,4
4,4
4,4
4,4
4,4
4,4
4,4
4,4
4,4
4,4
4,4
4,4
4,4
4,4
4,4
4,4
4,4
4,4
4,4
4,4
4,4
4,4
4,4
4,4
4,4
4,4
4,4
4,4
4,4
4,4
4,4
4,4
4,4
4,4
4,4
4,4
4,4
4,4
4,4
4,4
4,4
4,4
4,4
4,4
4,4
4,4
4,4
4,4
4,4
4,4
4,4
4,4
4,4
4,4
4,4
4,4
4,4
4,4
4,4
4,4
4,4
4,4
4,4
4,4
4,4
4,4
4,4
4,4
4,4
4,4
4,4
4,4
4,4
4,4
4,4
4,4
4,4
4,4
4,4
4,4
4,4
4,4
4,4
4,4
4,4
4,4
4,4
4,4
4,4
4,4
4,4
4,4
4,4
4,4
4,4
4,4
4,4
4,4
4,4
4,4
4,4
4,4
4,4
4,4
5,5
5,6
5,5
5,5
5,5
5,6
5,6
5,5
5,5
5,6
5,5
5,5
5,5
5,5
5,5
5,5
5,5
5,5
5,5
5,5
5,5
5,5
5,5
5,5
5,5
5,5
5,5
5,6
5,5
5,5
5,5
5,5
5,5
5,5
5,5
5,5
5,6
5,5
5,7
5,3
5,5
5,5
5,5
5,5
5,5
5,5
5,5
5,5
5,18
5,5
5,5
5,5
5,5
5,5
5,5
5,5
5,5
5,5
5,6
5,6
5,5
5,5
5,5
5,5
5,5
5,5
5,5
5,5
5,6
5,5
5,5
5,5
5,6
5,5
5,5
5,5
5,6
5,5
5,5
5,6
5,6
5,5
5,6
5,5
5,5
5,5
5,5
5,5
5,5
5,5
5,5
5,5
5,5
5,5
5,5
5,5
5,5
5,5
5,5
5,5
5,5
5,5
5,5
5,0
5,6
5,5
5,5
5,5
5,5
5,5
5,5
5,5
5,5
5,5
5,5
5,5
5,5
5,5
5,5
5,5
5,5
5,5
5,5
5,5
5,5
5,5
5,5
5,7
5,5
5,5
5,5
5,5
5,5
5,5
5,5
5,5
5,5
5,5
5,5
5,5
5,5
5,5
5,6
5,5
5,5
5,5
5,5
5,5
5,6
5,5
5,5
5,5
5,5
5,5
5,5
5,5
5,5
5,5
5,5
5,5
5,5
5,5
5,5
5,5
5,5
5,6
5,6
5,5
5,5
5,5
5,0
5,5
5,5
5,7
5,5
5,5
5,5
5,5
5,5
5,5
5,5
5,5
5,5
5,5
5,5
5,6
5,6
5,5
5,5
5,9
5,5
5,5
5,5
5,5
5,5
5,5
5,7
5,5
5,5
5,7
5,5
5,5
5,5
5,5
5,0
5,5
5,6
5,5
5,5
5,5
5,5
5,5
5,5
5,6
5,5
5,5
5,5
5,5
5,5
5,5
5,5
5,5
5,5
5,5
5,5
5,14
5,5
5,5
5,5
5,5
5,5
5,5
5,5
5,5
5,5
5,5
5,5
5,5
5,5
5,5
5,5
5,5
5,5
5,5
5,5
5,5
5,5
5,5
5,6
5,7
5,5
5,5
5,5
5,5
5,11
5,5
5,5
5,6
5,6
5,6
5,8
5,5
5,5
5,5
5,8
5,0
5,7
5,6
5,5
5,5
5,5
5,5
5,5
5,5
5,5
5,5
5,7
5,5
5,5
5,5
5,5
5,5
5,5
5,5
5,5
5,5
5,5
5,5
5,5
5,5
5,5
5,5
5,5
5,5
5,5
5,5
5,5
5,5
5,5
5,5
5,5
5,6
5,5
5,5
5,5
5,5
5,6
5,5
5,5
5,5
5,5
5,6
5,5
5,5
5,5
5,5
5,5
5,5
5,5
5,5
5,8
5,5
5,15
5,5
5,5
5,5
5,5
5,5
5,5
5,5
5,5
5,5
5,5
5,5
5,5
5,5
5,5
5,5
5,5
5,5
5,5
5,5
5,5
5,5
5,5
5,5
5,5
5,5
5,5
5,5
5,5
5,5
5,5
5,5
5,5
5,5
5,5
5,5
5,5
5,6
5,5
5,5
5,5
5,5
5,5
5,5
5,5
5,5
5,5
5,5
5,5
5,7
5,5
5,9
5,5
5,6
5,5
5,7
5,5
5,5
5,5
5,5
5,5
5,5
5,5
5,5
5,5
5,5
5,5
5,5
5,6
5,5
5,5
6,6
6,5
6,6
6,0
6,6
6,6
6,6
6,6
6,6
6,5
6,6
6,6
6,6
6,6
6,6
6,6
6,6
6,6
6,6
6,6
6,6
6,6
6,6
6,6
6,6
6,5
6,6
6,5
6,6
6,6
6,6
6,6
6,5
6,5
6,6
6,6
6,6
6,5
6,5
6,6
6,6
6,6
6,6
6,6
6,6
6,6
6,6
6,6
6,6
6,6
6,6
6,0
6,6
6,6
6,6
6,6
6,6
6,6
6,6
6,6
6,6
6,6
6,6
6,6
6,5
6,6
6,5
6,6
6,6
6,6
6,6
6,6
6,6
6,6
6,6
6,6
6,6
6,6
6,6
6,6
6,6
6,6
6,6
6,6
6,5
6,6
6,6
6,6
6,6
6,6
6,6
6,6
6,6
6,6
6,6
6,5
6,6
6,6
6,6
6,6
6,6
6,6
6,6
6,6
6,20
6,6
6,6
6,6
6,6
6,6
6,6
6,6
6,6
6,6
6,6
6,6
6,5
6,6
6,5
6,6
6,6
6,6
6,6
6,6
6,6
6,6
6,6
6,6
6,6
6,6
6,6
6,6
6,6
6,6
6,6
6,6
6,6
6,6
6,6
6,6
6,6
6,6
6,6
6,6
6,6
6,6
6,6
6,6
6,6
6,5
6,6
6,6
6,6
6,13
6,5
6,6
6,6
6,6
6,6
6,6
6,6
6,6
6,5
6,6
6,6
6,5
6,5
6,6
6,6
6,6
6,6
6,6
6,6
6,6
6,6
6,6
6,5
6,6
6,6
6,6
6,6
6,6
6,6
6,6
6,9
6,6
6,5
6,6
6,6
6,6
6,6
6,6
6,6
6,6
6,6
6,6
6,5
6,6
6,6
6,6
6,6
6,6
6,6
6,5
6,6
6,6
6,5
6,5
6,6
6,5
6,6
6,6
6,6
6,6
6,6
6,6
6,6
6,6
6,6
6,6
6,6
6,5
6,6
7,7
7,7
7,7
7,7
7,7
7,7
7,7
7,7
7,7
7,7
7,7
7,7
7,7
7,7
7,7
7,7
7,7
7,7
7,7
7,8
7,5
7,7
7,7
7,7
7,7
7,7
7,7
7,7
7,7
7,7
7,7
7,7
7,0
7,7
7,7
7,7
7,7
7,7
7,7
7,7
7,5
7,8
7,7
7,7
7,7
7,7
7,7
7,7
7,7
7,7
7,7
7,7
7,7
7,7
7,7
7,8
7,7
7,7
7,7
7,7
7,7
7,7
7,7
7,7
7,7
7,7
7,5
7,7
7,7
7,7
7,7
7,7
7,7
7,7
7,7
7,5
7,7
7,7
7,7
7,7
7,7
7,7
7,7
7,7
7,7
7,7
7,7
7,8
7,7
7,7
7,7
7,7
7,5
7,7
7,7
7,7
7,7
7,8
7,7
7,7
7,7
7,7
7,7
7,7
7,8
7,7
7,7
7,7
7,7
7,7
7,7
7,7
7,7
7,7
7,7
7,7
7,7
7,7
7,7
7,7
7,7
7,7
7,7
7,0
7,7
7,7
7,7
7,7
7,7
7,7
7,16
7,7
7,8
7,7
7,3
7,7
7,15
7,9
7,7
7,7
7,7
7,7
7,7
7,7
7,7
7,5
7,7
7,7
7,7
7,7
7,7
7,7
7,7
8,8
8,8
8,8
8,8
8,8
8,8
8,8
8,8
8,8
8,8
8,8
8,8
8,8
8,8
8,8
8,8
8,8
8,8
8,8
8,8
8,8
8,8
8,8
8,8
8,8
8,8
8,8
8,8
8,8
8,8
8,8
8,8
8,8
8,8
8,8
8,8
8,8
8,8
8,8
8,8
8,8
8,8
8,8
8,8
8,8
8,8
8,8
8,8
8,8
8,8
8,8
8,8
8,8
8,8
8,8
8,8
8,8
8,8
8,8
8,8
8,7
8,8
8,7
8,8
8,8
8,8
8,7
8,8
8,8
8,8
8,8
8,8
8,8
8,8
8,8
8,8
8,8
8,8
8,8
8,8
8,8
8,8
8,8
8,8
8,8
8,8
8,8
8,8
8,8
8,8
8,8
8,8
8,8
8,8
8,8
8,8
8,8
8,8
8,8
8,8
8,8
8,8
8,8
8,8
8,8
8,8
8,8
8,8
8,8
8,8
8,8
8,8
8,8
8,7
8,8
8,8
8,7
8,9
8,8
8,8
8,8
8,8
8,8
8,8
8,8
8,8
8,8
8,8
8,8
8,8
8,8
8,8
8,8
8,8
8,8
8,8
8,8
8,8
8,8
8,8
8,8
8,8
8,8
8,8
8,8
8,8
8,8
8,8
8,8
8,8
8,8
8,8
8,8
8,8
8,8
8,8
8,8
8,8
8,8
8,8
8,5
8,8
8,5
8,8
8,7
8,8
8,8
8,8
8,7
8,7
8,8
8,8
8,8
8,8
8,8
8,8
8,8
8,8
8,8
9,9
9,9
9,9
9,9
9,9
9,9
9,9
9,9
9,9
9,9
9,9
9,9
9,9
9,9
9,9
9,9
9,9
9,9
9,9
9,9
9,9
9,7
9,9
9,9
9,9
9,9
9,9
9,9
9,9
9,9
9,9
9,7
9,7
9,9
9,9
9,9
9,9
9,9
9,9
9,9
9,9
9,9
9,9
9,9
9,9
9,9
9,9
9,9
9,9
9,9
9,9
9,7
9,9
9,9
9,9
9,9
9,9
9,9
9,9
9,9
9,9
9,9
9,9
9,9
9,7
9,9
9,9
9,9
9,9
9,9
9,9
9,9
9,9
9,9
9,9
9,9
9,9
9,9
9,9
9,9
9,9
9,9
9,9
9,9
9,9
9,9
9,9
9,9
9,9
9,5
9,9
9,9
9,9
9,9
9,9
9,9
9,9
9,9
9,9
9,9
9,9
9,9
9,9
9,9
9,9
9,9
9,9
9,9
9,9
9,9
9,9
9,9
9,9
9,9
9,9
9,9
9,9
9,9
9,9
9,9
9,9
9,9
9,9
9,9
9,9
9,8
9,9
9,9
9,9
9,9
9,9
9,9
9,9
9,9
9,9
9,9
9,9
9,9
9,9
9,9
9,9
9,9
9,5
9,9
9,9
9,9
9,6
9,9
9,9
9,9
9,9
9,9
9,14
9,9
9,9
9,9
9,9
9,9
9,9
9,9
9,9
9,9
9,9
9,9
9,9
9,9
9,9
9,9
9,9
9,5
9,9
9,9
9,9
9,9
9,9
9,9
9,9
9,9
9,9
9,9
9,9
10,10
10,10
10,15
10,10
10,10
10,10
10,10
10,10
10,10
10,10
10,10
10,5
10,3
10,11
10,11
10,10
10,10
10,10
10,5
10,10
10,10
10,10
10,15
10,10
10,10
10,3
10,1
10,10
10,1
10,5
10,14
10,14
10,10
10,6
10,10
10,10
10,10
10,10
10,10
10,10
10,1
10,10
10,10
11,11
11,5
11,11
11,11
11,11
11,11
11,11
11,11
11,11
11,11
11,11
11,11
11,11
11,11
11,11
11,11
11,11
11,11
11,11
11,11
11,11
11,11
11,11
11,11
11,11
11,11
11,11
11,11
11,11
11,15
11,11
11,11
11,11
11,13
11,13
11,11
11,11
11,0
11,11
11,5
11,11
11,11
11,11
11,11
11,10
11,11
11,5
11,11
11,11
11,11
11,11
11,11
11,11
11,11
11,11
11,11
11,11
11,11
11,11
11,11
11,11
11,11
11,11
11,11
11,11
11,11
11,11
11,11
11,11
11,11
11,11
11,11
11,11
11,11
11,11
11,11
11,1
11,1
11,2
11,11
11,0
11,5
11,2
11,11
11,11
11,11
11,11
11,11
11,11
11,11
11,11
11,11
11,11
11,11
11,11
11,11
11,11
11,5
11,11
11,11
11,11
12,12
12,12
12,15
12,15
12,12
12,15
12,12
12,12
12,12
12,15
12,12
12,12
12,12
12,15
12,12
12,12
12,12
12,15
12,12
12,12
12,11
12,12
12,12
12,15
12,15
12,12
12,12
12,12
12,12
12,12
12,12
13,13
13,13
13,13
13,13
13,13
13,13
13,13
13,13
13,13
13,13
13,13
13,13
13,13
13,13
13,13
13,13
13,13
13,13
13,13
13,13
13,13
13,13
13,13
13,13
13,13
13,13
13,13
13,13
13,13
13,13
13,13
13,13
13,11
13,13
13,13
13,13
13,13
13,13
13,13
13,13
13,13
13,13
13,13
13,13
13,13
13,13
13,13
13,13
13,13
13,13
13,13
13,13
13,13
13,13
13,12
13,13
13,13
13,13
13,13
13,13
13,13
13,13
13,13
13,13
13,13
13,13
13,13
13,13
13,13
13,13
13,13
13,13
13,13
13,13
13,13
13,13
13,13
13,13
13,13
13,13
13,13
13,13
13,13
13,7
13,13
13,13
13,13
13,13
13,13
13,13
13,13
13,13
13,13
13,13
13,13
13,13
13,11
13,13
13,13
13,13
13,13
13,13
13,13
13,13
13,13
13,13
13,13
13,13
13,13
13,6
13,13
13,15
13,13
13,13
13,13
13,13
13,13
13,13
13,13
13,5
13,13
13,13
13,13
13,13
13,13
13,13
13,13
13,13
13,13
13,13
13,13
13,13
13,13
13,13
13,13
13,13
13,13
13,13
13,13
13,13
13,13
14,14
14,14
14,14
14,14
14,14
14,14
14,14
14,15
14,14
14,14
14,14
14,14
14,15
14,14
14,14
14,14
14,14
14,14
14,15
14,14
14,14
14,14
14,14
14,14
14,14
14,14
14,14
14,14
14,14
14,14
14,16
14,15
14,14
14,11
14,14
14,15
14,15
14,14
14,14
14,16
14,16
14,16
14,14
14,15
14,14
14,14
14,5
14,15
14,14
14,14
14,14
14,15
14,15
14,15
14,14
14,14
14,15
14,14
14,14
14,14
14,14
14,14
14,14
14,14
14,14
14,14
14,14
14,14
14,15
14,14
14,14
14,14
14,14
14,14
14,14
14,14
14,14
14,15
14,15
14,4
14,14
14,14
14,14
14,16
14,16
14,14
14,14
14,11
14,14
14,5
14,14
14,15
14,14
14,14
14,14
14,14
14,14
14,14
14,15
14,14
14,15
14,14
14,14
14,14
14,14
14,14
14,14
14,14
14,16
14,14
14,14
14,14
14,14
14,16
14,14
14,14
14,14
14,15
14,14
14,14
14,15
14,15
14,14
14,14
14,14
14,14
14,15
14,15
14,15
14,15
14,15
14,15
14,14
14,14
14,14
14,15
14,14
14,14
14,15
14,3
14,16
14,16
14,14
14,15
14,16
14,14
14,14
14,15
14,14
14,16
14,14
15,12
15,14
15,15
15,12
15,15
15,12
15,12
15,15
15,12
15,12
15,12
15,12
15,15
15,12
15,15
15,15
15,15
15,12
15,15
15,15
15,12
15,12
15,12
15,15
15,12
15,12
15,15
15,12
15,12
15,15
15,5
15,12
15,15
15,10
15,15
15,10
15,15
15,15
15,15
15,14
15,15
15,15
15,15
15,15
15,15
15,16
15,15
15,16
15,14
15,15
15,15
15,15
15,14
15,15
15,15
15,14
15,15
15,15
15,15
15,15
15,15
15,15
15,15
15,15
15,15
15,15
15,10
15,15
15,15
15,15
15,15
15,5
15,15
15,15
15,14
15,15
15,14
15,15
15,14
15,7
15,15
15,14
15,14
15,14
15,16
15,15
15,15
15,15
15,14
15,14
15,15
15,15
15,15
15,15
15,15
15,15
15,15
15,14
15,15
15,15
15,11
15,14
15,15
15,11
15,15
15,15
15,16
15,15
15,15
15,15
15,15
15,15
15,5
15,16
15,14
15,7
15,15
15,15
15,15
15,15
15,15
15,15
15,15
15,14
15,15
15,15
15,15
15,15
15,15
15,15
15,15
15,15
15,15
15,15
15,15
15,15
15,15
15,15
15,15
15,15
15,15
15,14
15,15
15,15
15,15
15,15
15,15
15,15
15,14
15,15
15,15
15,15
15,15
15,15
15,15
15,15
15,15
15,14
15,14
15,16
15,15
15,14
15,15
15,16
15,15
15,14
15,15
15,15
15,14
15,15
15,14
15,14
15,14
15,14
15,14
15,14
15,14
15,16
15,15
15,15
15,15
15,15
15,15
15,15
15,15
15,15
15,15
15,15
15,15
16,16
16,16
16,16
16,16
16,16
16,16
16,15
16,16
16,16
16,16
16,16
16,16
16,16
16,16
16,16
16,16
16,16
16,16
16,16
16,16
16,15
16,16
16,16
16,16
16,16
16,14
16,16
16,12
16,16
16,5
16,16
16,16
16,16
16,16
16,16
16,16
16,16
16,16
16,16
16,16
16,16
16,16
16,16
16,16
16,16
16,16
16,16
16,16
16,16
16,16
16,16
16,14
16,15
16,16
16,16
16,16
16,16
16,17
16,15
16,16
16,14
16,16
16,14
16,16
16,16
16,16
16,14
16,15
16,14
16,16
16,16
16,16
16,16
16,16
16,16
16,16
16,16
16,16
16,16
16,16
16,16
16,16
16,15
16,16
16,16
16,15
16,16
16,16
16,16
16,14
16,16
16,16
16,16
16,15
16,15
16,16
16,6
16,16
16,16
16,16
16,16
16,16
16,16
16,16
16,16
16,16
16,16
16,16
16,16
16,16
16,16
16,16
16,16
16,16
16,16
16,16
16,16
16,16
16,16
16,16
16,16
16,16
16,16
16,16
16,16
16,16
16,16
16,16
16,16
16,16
16,16
16,16
16,16
16,16
16,16
16,16
16,16
16,16
16,16
16,16
16,16
16,16
16,15
16,15
16,16
16,15
16,14
17,17
17,17
17,17
17,0
17,17
17,17
17,17
17,17
17,17
17,17
17,17
17,17
17,17
17,17
17,17
17,20
17,17
17,17
17,17
17,17
17,17
17,17
17,17
17,17
17,17
17,20
17,17
17,19
17,5
17,17
17,17
17,17
17,17
17,17
17,17
17,17
17,17
17,17
17,17
17,17
17,20
17,17
17,17
17,17
17,17
17,17
17,17
17,17
17,17
17,17
17,17
17,17
17,17
17,17
17,17
17,17
17,17
17,17
17,17
17,17
17,17
17,17
17,17
17,19
17,17
17,17
17,20
17,17
17,17
17,17
17,17
18,20
18,20
18,20
18,20
18,20
18,20
18,18
18,18
18,18
18,18
18,18
18,20
18,19
18,20
18,20
18,18
18,21
18,21
18,18
18,18
18,20
18,20
18,18
18,18
18,18
18,18
18,21
18,18
18,18
18,20
18,18
18,18
18,6
18,18
18,20
18,20
18,20
18,20
18,18
18,20
18,18
18,20
18,18
18,20
18,18
18,18
18,21
18,20
18,20
18,20
18,18
18,20
18,18
18,20
18,18
18,18
18,18
18,18
18,18
18,18
18,18
18,18
18,18
18,18
18,18
18,18
18,18
18,18
18,20
18,18
18,20
18,18
18,18
18,20
18,18
18,18
18,18
18,20
18,20
18,18
18,20
18,18
18,18
18,18
18,0
18,18
18,18
18,18
18,18
18,20
18,18
18,18
18,18
18,20
18,18
18,18
18,18
18,18
18,18
18,18
18,18
18,18
18,18
18,18
18,18
18,18
18,20
18,18
18,20
18,18
18,18
18,18
18,18
18,20
18,18
18,18
18,21
18,20
18,20
18,21
18,20
18,20
18,21
18,20
18,20
18,20
18,18
18,18
18,18
18,18
18,18
18,18
18,20
18,18
18,18
18,20
18,20
18,18
18,18
18,18
18,21
18,21
18,20
18,20
18,18
18,18
18,18
18,18
18,20
18,21
18,20
18,20
18,18
18,20
18,18
18,21
18,21
18,18
18,18
18,20
18,19
18,20
18,18
18,18
18,18
18,18
18,18
18,20
18,18
18,20
18,18
18,18
18,21
18,21
18,18
18,18
18,18
18,18
18,18
18,20
18,20
18,18
18,18
18,20
18,20
18,18
18,21
18,20
18,21
18,21
18,21
18,21
18,19
18,20
18,20
18,20
19,19
19,19
19,20
19,20
19,20
19,20
19,20
19,19
19,20
19,18
19,19
19,18
19,19
19,19
19,19
19,19
19,0
19,20
19,18
19,19
19,19
19,14
19,18
19,20
19,21
19,19
19,20
19,21
19,20
19,20
19,18
19,19
19,18
19,19
19,20
19,17
19,19
19,19
19,20
19,19
19,5
19,19
19,20
19,17
19,18
19,19
19,19
19,19
19,19
19,18
19,19
19,19
19,19
19,19
19,19
19,19
19,19
19,15
19,19
19,19
19,19
19,20
19,19
19,19
19,20
19,20
19,19
19,19
19,19
19,19
19,17
19,19
19,20
19,20
19,19
19,19
19,19
19,19
20,20
20,18
20,19
20,18
20,20
20,11
20,20
20,18
20,20
20,18
20,20
20,20
20,20
20,20
20,20
20,20
20,20
20,20
20,20
20,20
20,19
20,20
20,20
20,20
20,20
20,20
20,20
20,20
20,20
20,20
20,20
20,20
20,18
20,19
20,20
20,20
20,20
20,20
20,20
20,20
20,20
20,20
20,20
20,20
20,20
20,20
20,20
20,20
20,20
20,20
20,20
20,17
20,20
20,20
20,20
20,20
20,20
20,20
20,20
20,20
20,20
20,20
20,20
20,20
20,20
20,20
20,20
20,20
20,20
20,20
20,20
20,20
20,20
20,20
20,20
20,20
20,20
20,21
20,20
20,21
20,20
20,20
20,20
20,20
20,20
20,20
20,20
20,18
20,18
20,21
20,20
20,20
20,21
20,20
20,18
20,20
20,20
20,20
20,20
20,20
20,20
20,20
20,20
20,19
20,21
20,19
20,20
20,21
20,20
20,18
20,20
20,20
20,20
20,20
20,20
20,20
20,18
20,21
20,18
20,21
20,21
20,20
20,20
20,20
20,20
20,20
20,20
20,20
20,20
20,20
20,18
20,20
20,18
20,18
20,18
20,20
20,20
20,20
20,20
20,20
20,20
20,20
20,20
20,20
20,20
20,20
20,20
20,20
20,20
20,20
20,20
20,20
20,20
20,20
20,20
20,20
20,20
20,20
20,20
20,18
20,20
20,20
20,18
20,20
20,20
20,19
20,20
20,20
20,20
20,20
20,20
20,20
20,20
20,20
20,20
20,20
20,20
20,20
20,20
20,20
20,20
20,20
20,20
20,20
20,20
20,20
20,20
20,20
20,20
20,20
20,20
20,20
20,20
20,20
20,20
20,20
20,20
20,20
20,20
20,20
20,20
20,20
20,20
20,20
20,20
20,20
20,20
20,20
20,20
20,20
20,20
20,20
20,20
20,20
20,20
20,20
20,20
20,20
20,20
20,20
20,20
20,20
20,20
20,20
20,20
20,20
20,20
20,20
20,20
20,20
20,20
20,20
20,20
20,20
20,20
20,20
20,20
20,20
20,20
20,20
20,20
20,20
20,5
20,20
20,20
20,20
20,20
20,20
20,20
20,20
20,20
20,20
20,20
20,20
20,20
20,20
20,20
20,20
20,20
20,20
20,18
20,20
20,20
20,20
20,20
20,20
20,20
20,20
20,20
20,20
20,20
20,20
20,20
20,18
20,20
20,20
20,20
20,20
20,20
20,20
20,20
20,20
20,20
20,20
20,20
20,20
20,20
20,20
20,18
20,20
20,20
20,20
20,20
20,20
20,18
20,18
20,18
20,20
20,20
20,18
20,18
20,18
20,20
20,20
20,20
20,18
20,20
20,20
20,20
20,20
20,20
20,20
20,20
20,20
20,20
20,20
20,20
20,20
20,20
20,20
20,18
20,20
20,20
20,20
20,2
20,17
20,20
20,20
20,20
20,20
20,20
20,20
20,21
20,19
20,20
20,20
20,20
20,20
20,21
20,20
20,20
20,20
20,20
20,20
20,20
20,20
20,20
20,20
20,20
20,20
20,21
20,20
20,20
20,20
20,21
20,20
20,20
20,20
20,20
20,20
20,20
20,20
20,20
20,20
20,20
20,18
20,20
20,20
20,20
20,20
20,20
20,20
20,20
20,20
20,20
20,20
20,21
20,20
20,21
20,20
20,18
20,20
20,20
20,20
20,20
20,20
20,18
20,20
20,20
20,20
20,20
20,20
20,20
20,20
20,20
20,20
20,21
20,21
20,20
20,20
20,20
20,19
20,20
20,20
20,20
20,20
20,20
20,20
20,20
20,20
20,18
20,20
21,21
21,21
21,21
21,18
21,18
21,21
21,21
21,18
21,21
21,18
21,18
21,20
21,0
21,21
21,21
21,20
21,21
21,20
21,20
21,20
21,21
21,18
21,21
21,21
21,21
21,21
21,20
21,20
21,21
21,20
21,20
21,20
21,20
21,18
21,18
21,21
21,21
21,20
21,21
21,21
21,21
21,20
21,21
21,21
21,18
21,18
21,20
21,21
21,20
21,20
21,20
21,18
21,20
21,18
21,21
21,18
21,21
21,21
21,21
21,20
21,20
21,21
21,21
21,21
21,21
21,20
21,20
21,20
21,21
21,21
21,21
21,21
21,20
21,21
21,20
21,21
21,18
21,20
21,21
21,21
21,18
21,21
21,18
21,18
21,21
21,18
21,20
21,21
21,20
21,21
21,21
21,21
21,21
21,19
21,21
21,19
21,19
21,21
21,20
21,21
21,21
21,21
21,21
21,20
21,21
21,21
21,18
21,20
21,18
21,21
21,18
21,18
21,20
21,20
21,20
21,21
